{
    "precision": 0.6013538236370289,
    "recall": 0.8747837658017299,
    "f1_score": 0.712744619721364
}