{
    "exact": 42.42398719784385,
    "f1": 46.72490424677538,
    "total": 11873,
    "HasAns_exact": 75.40485829959515,
    "HasAns_f1": 84.01902633636364,
    "HasAns_total": 5928,
    "NoAns_exact": 9.537426408746846,
    "NoAns_f1": 9.537426408746846,
    "NoAns_total": 5945
}