{
    "exact": 51.166512254695526,
    "f1": 52.82370411131421,
    "total": 11873,
    "HasAns_exact": 64.87854251012146,
    "HasAns_f1": 68.1976786291552,
    "HasAns_total": 5928,
    "NoAns_exact": 37.493692178301096,
    "NoAns_f1": 37.493692178301096,
    "NoAns_total": 5945
}