{
    "precision": 0.4292130949296018,
    "recall": 0.9437796771130105,
    "f1_score": 0.5900724379527372
}