{
    "precision": 0.5782957732856175,
    "recall": 0.7958205776653801,
    "f1_score": 0.6698409141832848
}