{
    "true_positive": 4487,
    "false_positive": 4387,
    "false_negative": 5792,
    "precision": 0.5056344376831192,
    "recall": 0.43652106236015176,
    "f1_score": 0.46854278703075236
}