{
    "exact": 50.48076923076923,
    "f1": 52.16346153846154,
    "total": 208,
    "HasAns_exact": 87.5,
    "HasAns_f1": 91.14583333333336,
    "HasAns_total": 96,
    "NoAns_exact": 18.75,
    "NoAns_f1": 18.75,
    "NoAns_total": 112
}